{"cameraMode":{"drawMode":0,"name":"Shaded","section":"Shading Mode"},"sceneLighting":false,"audioPlay":false,"sceneViewState":{"m_AlwaysRefresh":false,"showFog":true,"showSkybox":false,"showFlares":true,"showImageEffects":true,"showParticleSystems":true,"showVisualEffectGraphs":true,"m_FxEnabled":false},"in2DMode":false,"pivot":{"x":0.12800000607967378,"y":-25.700000762939454,"z":4.181000232696533},"rotation":{"x":0.05904480814933777,"y":0.9196745753288269,"z":-0.35723742842674258,"w":0.1520003229379654},"size":0.17320525646209718,"orthographic":true}