{"cameraMode":{"drawMode":0,"name":"Shaded","section":"Shading Mode"},"sceneLighting":false,"audioPlay":false,"sceneViewState":{"m_AlwaysRefresh":false,"showFog":true,"showSkybox":false,"showFlares":true,"showImageEffects":true,"showParticleSystems":true,"showVisualEffectGraphs":true,"m_FxEnabled":false},"in2DMode":false,"pivot":{"x":-0.3659675121307373,"y":1.3405952453613282,"z":0.5751657485961914},"rotation":{"x":0.21069714426994325,"y":-0.3527192175388336,"z":0.0818464383482933,"w":0.9080431461334229},"size":1.2869962453842164,"orthographic":false}