{"cameraMode":{"drawMode":0,"name":"Shaded","section":"Shading Mode"},"sceneLighting":true,"audioPlay":false,"sceneViewState":{"m_AlwaysRefresh":false,"showFog":true,"showSkybox":true,"showFlares":true,"showImageEffects":true,"showParticleSystems":true,"showVisualEffectGraphs":true,"m_FxEnabled":false},"in2DMode":false,"pivot":{"x":-72.15531158447266,"y":-182.51100158691407,"z":105.07868957519531},"rotation":{"x":0.44792166352272036,"y":-0.25856587290763857,"z":0.13710229098796845,"w":0.8448535203933716},"size":158.62547302246095,"orthographic":false}