{"cameraMode":{"drawMode":0,"name":"Shaded","section":"Shading Mode"},"sceneLighting":false,"audioPlay":false,"sceneViewState":{"m_AlwaysRefresh":false,"showFog":true,"showSkybox":false,"showFlares":true,"showImageEffects":true,"showParticleSystems":true,"showVisualEffectGraphs":true,"m_FxEnabled":false},"in2DMode":false,"pivot":{"x":0.009898696094751358,"y":1.3527905941009522,"z":0.06085379049181938},"rotation":{"x":0.15406747162342072,"y":0.6024943590164185,"z":-0.11992998421192169,"w":0.7739042043685913},"size":1.3767763376235963,"orthographic":true}