{"cameraMode":{"drawMode":0,"name":"Shaded","section":"Shading Mode"},"sceneLighting":false,"audioPlay":false,"sceneViewState":{"m_AlwaysRefresh":false,"showFog":true,"showSkybox":false,"showFlares":true,"showImageEffects":true,"showParticleSystems":true,"showVisualEffectGraphs":true,"m_FxEnabled":false},"in2DMode":false,"pivot":{"x":-0.4316542148590088,"y":1.5506489276885987,"z":0.007019340991973877},"rotation":{"x":0.06968193501234055,"y":-0.36663806438446047,"z":0.027551664039492608,"w":0.9273526072502136},"size":2.7713229656219484,"orthographic":true}