{"cameraMode":{"drawMode":0,"name":"Shaded","section":"Shading Mode"},"sceneLighting":true,"audioPlay":false,"sceneViewState":{"m_AlwaysRefresh":false,"showFog":true,"showSkybox":true,"showFlares":true,"showImageEffects":true,"showParticleSystems":true,"showVisualEffectGraphs":true,"m_FxEnabled":true},"in2DMode":false,"pivot":{"x":-0.004965066909790039,"y":4.2030181884765629,"z":0.422482967376709},"rotation":{"x":0.10008087009191513,"y":0.8471238613128662,"z":-0.1720714420080185,"w":0.49270495772361758},"size":7.762631893157959,"orthographic":true}