{"cameraMode":{"drawMode":0,"name":"Shaded","section":"Shading Mode"},"sceneLighting":false,"audioPlay":false,"sceneViewState":{"m_AlwaysRefresh":false,"showFog":true,"showSkybox":false,"showFlares":true,"showImageEffects":true,"showParticleSystems":true,"showVisualEffectGraphs":true,"m_FxEnabled":false},"in2DMode":false,"pivot":{"x":-0.006617601960897446,"y":0.016829222440719606,"z":-0.018842868506908418},"rotation":{"x":0.43539637327194216,"y":-0.3470084071159363,"z":0.1866619735956192,"w":0.809453547000885},"size":0.10100376605987549,"orthographic":true}